SN,Date,AEZ1,Year,State,LGA,Location,Village,Lat,Long,Crop,Code,Type,Treatment,B1,B2,G1,G2,Total.Afl,Source
29,,,2017,Kaduna,,T/Wada,,10.5079,7.4084,Maize,ARAE0001CM,,,NA,NA,NA,NA,25.1,Ahalson Enterprise - Kaduna State
10,,,2016,Kaduna,T/Wada,T/Wada,T/Wada Faskar,10.5079,7.4084,Maize,ARAE0001CM,,,NA,NA,NA,NA,25.1,AgResults Control Samples
30,,,2017,Kaduna,,T/Wada,,10.5079,7.4084,Maize,ARAE0002CM,,,NA,NA,NA,NA,1,Ahalson Enterprise - Kaduna State
11,,,2016,Kaduna,T/Wada,T/Wada,T/Wada Faskar,10.5079,7.4084,Maize,ARAE0002CM,,,NA,NA,NA,NA,1,AgResults Control Samples
31,,,2017,Kaduna,,T/Wada,,10.5079,7.4084,Maize,ARAE0003CM,,,NA,NA,NA,NA,1,Ahalson Enterprise - Kaduna State
12,,,2016,Kaduna,T/Wada,T/Wada,T/Wada Gimbawa,10.5079,7.4084,Maize,ARAE0003CM,,,NA,NA,NA,NA,1,AgResults Control Samples
32,,,2017,Kaduna,,T/Wada,,10.5079,7.4084,Maize,ARAE0004CM,,,NA,NA,NA,NA,0.9,Ahalson Enterprise - Kaduna State
13,,,2016,Kaduna,T/Wada,T/Wada,T/Wada Gimbawa,10.5079,7.4084,Maize,ARAE0004CM,,,NA,NA,NA,NA,0.9,AgResults Control Samples
33,,,2017,Kaduna,,Doguwa,,10.8125,8.7041,Maize,ARAE0005CM,,,NA,NA,NA,NA,0.7,Ahalson Enterprise - Kaduna State
14,,,2016,Kaduna,Doguwa,Doguwa,Angwan Malamai,10.8125,8.7041,Maize,ARAE0005CM,,,NA,NA,NA,NA,0.7,AgResults Control Samples
34,,,2017,Kaduna,,Doguwa,,10.8125,8.7041,Maize,ARAE0006CM,,,NA,NA,NA,NA,1.3,Ahalson Enterprise - Kaduna State
15,,,2016,Kaduna,Doguwa,Doguwa,Angwan Malamai,10.8125,8.7041,Maize,ARAE0006CM,,,NA,NA,NA,NA,1.3,AgResults Control Samples
35,,,2017,Kaduna,,Doguwa,,10.8125,8.7041,Maize,ARAE0007CM,,,NA,NA,NA,NA,1,Ahalson Enterprise - Kaduna State
16,,,2016,Kaduna,Doguwa,Doguwa,Angwan Malamai,10.8125,8.7041,Maize,ARAE0007CM,,,NA,NA,NA,NA,1,AgResults Control Samples
36,,,2017,Kaduna,,Doguwa,,10.8125,8.7041,Maize,ARAE0008CM,,,NA,NA,NA,NA,1.5,Ahalson Enterprise - Kaduna State
17,,,2016,Kaduna,Doguwa,Doguwa,Angwan Malamai,10.8125,8.7041,Maize,ARAE0008CM,,,NA,NA,NA,NA,1.5,AgResults Control Samples
55,,,2017,Kano,,Rogo,,11.5501,7.8232,Maize,ARAS001C,,,NA,NA,NA,NA,1.1,Albarka Seeds - Kano State
91,,,2016,Kano,Rogo,Rogo,Angwan Paki,11.5501,7.8232,Maize,ARAS001C,,,NA,NA,NA,NA,1.1,AgResults Control Samples
56,,,2017,Kano,,Rogo,,11.5501,7.8232,Maize,ARAS002C,,,NA,NA,NA,NA,1.1,Albarka Seeds - Kano State
92,,,2016,Kano,Rogo,Rogo,Angwan Paki,11.5501,7.8232,Maize,ARAS002C,,,NA,NA,NA,NA,1.1,AgResults Control Samples
57,,,2017,Kano,,Rogo,,11.5501,7.8232,Maize,ARAS003C,,,NA,NA,NA,NA,1,Albarka Seeds - Kano State
93,,,2016,Kano,Rogo,Rogo,Angwan Paki,11.5501,7.8232,Maize,ARAS003C,,,NA,NA,NA,NA,1,AgResults Control Samples
58,,,2017,Kano,,Rogo,,11.5501,7.8232,Maize,ARAS004C,,,NA,NA,NA,NA,0.6,Albarka Seeds - Kano State
94,,,2016,Kano,Rogo,Rogo,Angwan Paki,11.5501,7.8232,Maize,ARAS004C,,,NA,NA,NA,NA,0.6,AgResults Control Samples
59,,,2017,Kano,,Rogo,,11.5501,7.8232,Maize,ARAS005C,,,NA,NA,NA,NA,1.2,Albarka Seeds - Kano State
95,,,2016,Kano,Rogo,Rogo,Bari,11.5501,7.8232,Maize,ARAS005C,,,NA,NA,NA,NA,1.2,AgResults Control Samples
60,,,2017,Kano,,Rogo,,11.5501,7.8232,Maize,ARAS006C,,,NA,NA,NA,NA,1.6,Albarka Seeds - Kano State
96,,,2016,Kano,Rogo,Rogo,Bari,11.5501,7.8232,Maize,ARAS006C,,,NA,NA,NA,NA,1.6,AgResults Control Samples
61,,,2017,Kano,,Rogo,,11.5501,7.8232,Maize,ARAS007C,,,NA,NA,NA,NA,1.4,Albarka Seeds - Kano State
97,,,2016,Kano,Rogo,Rogo,Bari,11.5501,7.8232,Maize,ARAS007C,,,NA,NA,NA,NA,1.4,AgResults Control Samples
62,,,2017,Kano,,Rogo,,11.5501,7.8232,Maize,ARAS008C,,,NA,NA,NA,NA,1.4,Albarka Seeds - Kano State
98,,,2016,Kano,Rogo,Rogo,Bari,11.5501,7.8232,Maize,ARAS008C,,,NA,NA,NA,NA,1.4,AgResults Control Samples
72,,,2017,Kaduna,,Lere,,10.3853,8.5735,Maize,ARDS001C,,,NA,NA,NA,NA,0.9,Dal-Allgreen - Kaduna State
45,,,2016,Kaduna,Lere,Lere,Haiakali,10.3853,8.5735,Maize,ARDS001C,,,NA,NA,NA,NA,0.9,AgResults Control Samples
73,,,2017,Kaduna,,Lere,,10.3853,8.5735,Maize,ARDS002C,,,NA,NA,NA,NA,1,Dal-Allgreen - Kaduna State
46,,,2016,Kaduna,Lere,Lere,Haiakali,10.3853,8.5735,Maize,ARDS002C,,,NA,NA,NA,NA,1,AgResults Control Samples
74,,,2017,Kaduna,,Lere,,10.3853,8.5735,Maize,ARDS003C,,,NA,NA,NA,NA,0.8,Dal-Allgreen - Kaduna State
47,,,2016,Kaduna,Lere,Lere,Haiakali,10.3853,8.5735,Maize,ARDS003C,,,NA,NA,NA,NA,0.8,AgResults Control Samples
75,,,2017,Kaduna,,Lere,,10.3853,8.5735,Maize,ARDS004C,,,NA,NA,NA,NA,1.1,Dal-Allgreen - Kaduna State
48,,,2016,Kaduna,Lere,Lere,Sabon Kuara,10.3853,8.5735,Maize,ARDS004C,,,NA,NA,NA,NA,1.1,AgResults Control Samples
76,,,2017,Kaduna,,Lere,,10.3853,8.5735,Maize,ARDS005C,,,NA,NA,NA,NA,1.1,Dal-Allgreen - Kaduna State
49,,,2016,Kaduna,Lere,Lere,Sabon Kuara,10.3853,8.5735,Maize,ARDS005C,,,NA,NA,NA,NA,1.1,AgResults Control Samples
77,,,2017,Kaduna,,Lere,,10.3853,8.5735,Maize,ARDS006C,,,NA,NA,NA,NA,0.7,Dal-Allgreen - Kaduna State
50,,,2016,Kaduna,Lere,Lere,Ungwa Goge,10.3853,8.5735,Maize,ARDS006C,,,NA,NA,NA,NA,0.7,AgResults Control Samples
78,,,2017,Kaduna,,Lere,,10.3853,8.5735,Maize,ARDS007C,,,NA,NA,NA,NA,0.9,Dal-Allgreen - Kaduna State
51,,,2016,Kaduna,Lere,Lere,Ungwa Goge,10.3853,8.5735,Maize,ARDS007C,,,NA,NA,NA,NA,0.9,AgResults Control Samples
27,,,2017,Ekiti,,Ado Ekiti,,7.6124,5.2371,Maize,ARFP0751C,,,NA,NA,NA,NA,0.9,Ado Poly Venture - Ekiti State
59,,,2016,Ekiti,Ado Ekiti,Ado Ekiti,Ado Ekiti,7.6124,5.2371,Maize,ARFP0751C,,,NA,NA,NA,NA,0.9,AgResults Control Samples
11,,,2017,Kaduna,,Hunkunyi,,11.2659,7.648,Maize,ARKD001C,,,NA,NA,NA,NA,1.7,CADP Kaduna - Kaduna State
52,,,2016,Kaduna,Hunkunyi,Hunkunyi,Chande,11.2659,7.648,Maize,ARKD001C,,,NA,NA,NA,NA,1.7,AgResults Control Samples
12,,,2017,Kaduna,,Hunkunyi,,11.2659,7.648,Maize,ARKD002C,,,NA,NA,NA,NA,2.1,CADP Kaduna - Kaduna State
53,,,2016,Kaduna,Hunkunyi,Hunkunyi,Chande,11.2659,7.648,Maize,ARKD002C,,,NA,NA,NA,NA,2.1,AgResults Control Samples
13,,,2017,Kaduna,,Hunkunyi,,11.2659,7.648,Maize,ARKD003C,,,NA,NA,NA,NA,1.2,CADP Kaduna - Kaduna State
54,,,2016,Kaduna,Hunkunyi,Hunkunyi,Chande,11.2659,7.648,Maize,ARKD003C,,,NA,NA,NA,NA,1.2,AgResults Control Samples
14,,,2017,Kaduna,,Hunkunyi,,11.2659,7.648,Maize,ARKD004C,,,NA,NA,NA,NA,1.1,CADP Kaduna - Kaduna State
55,,,2016,Kaduna,Hunkunyi,Hunkunyi,Chande,11.2659,7.648,Maize,ARKD004C,,,NA,NA,NA,NA,1.1,AgResults Control Samples
15,,,2017,Kaduna,,Zaria,,11.1047,7.7207,Maize,ARKD005C,,,NA,NA,NA,NA,1.2,CADP Kaduna - Kaduna State
56,,,2016,Kaduna,Zaria,Zaria,Gamji,11.1047,7.7207,Maize,ARKD005C,,,NA,NA,NA,NA,1.2,AgResults Control Samples
16,,,2017,Kaduna,,Zaria,,11.1047,7.7207,Maize,ARKD006C,,,NA,NA,NA,NA,1.1,CADP Kaduna - Kaduna State
57,,,2016,Kaduna,Zaria,Zaria,Gamji,11.1047,7.7207,Maize,ARKD006C,,,NA,NA,NA,NA,1.1,AgResults Control Samples
17,,,2017,Kano,,Gwarzo,,11.9171,7.9348,Maize,ARKN001C,,,NA,NA,NA,NA,1.1,CADP Kano - Kano State
99,,,2016,Kano,Gwarzo,Gwarzo,Kutama,11.9171,7.9348,Maize,ARKN001C,,,NA,NA,NA,NA,1.1,AgResults Control Samples
18,,,2017,Kano,,Gwarzo,,11.9171,7.9348,Maize,ARKN002C,,,NA,NA,NA,NA,1.2,CADP Kano - Kano State
100,,,2016,Kano,Gwarzo,Gwarzo,Kutama,11.9171,7.9348,Maize,ARKN002C,,,NA,NA,NA,NA,1.2,AgResults Control Samples
19,,,2017,Kano,,Gwarzo,,11.9171,7.9348,Maize,ARKN003C,,,NA,NA,NA,NA,0.6,CADP Kano - Kano State
101,,,2016,Kano,Gwarzo,Gwarzo,Kutama,11.9171,7.9348,Maize,ARKN003C,,,NA,NA,NA,NA,0.6,AgResults Control Samples
20,,,2017,Kano,,Rogo,,11.5501,7.8232,Maize,ARKN004C,,,NA,NA,NA,NA,1.3,CADP Kano - Kano State
102,,,2016,Kano,Rogo,Rogo,Zoza,11.5501,7.8232,Maize,ARKN004C,,,NA,NA,NA,NA,1.3,AgResults Control Samples
21,,,2017,Kano,,Rogo,,11.5501,7.8232,Maize,ARKN005C,,,NA,NA,NA,NA,0.8,CADP Kano - Kano State
103,,,2016,Kano,Rogo,Rogo,Zoza,11.5501,7.8232,Maize,ARKN005C,,,NA,NA,NA,NA,0.8,AgResults Control Samples
22,,,2017,Kano,,Rogo,,11.5501,7.8232,Maize,ARKN006C,,,NA,NA,NA,NA,0.8,CADP Kano - Kano State
104,,,2016,Kano,Rogo,Rogo,Zoza,11.5501,7.8232,Maize,ARKN006C,,,NA,NA,NA,NA,0.8,AgResults Control Samples
23,,,2017,Kano,,Rogo,,11.5501,7.8232,Maize,ARKN007C,,,NA,NA,NA,NA,0.6,CADP Kano - Kano State
105,,,2016,Kano,Rogo,Rogo,Zoza,11.5501,7.8232,Maize,ARKN007C,,,NA,NA,NA,NA,0.6,AgResults Control Samples
24,,,2017,Kano,,Rogo,,11.5501,7.8232,Maize,ARKN008C,,,NA,NA,NA,NA,1.7,CADP Kano - Kano State
106,,,2016,Kano,Rogo,Rogo,Zoza,11.5501,7.8232,Maize,ARKN008C,,,NA,NA,NA,NA,1.7,AgResults Control Samples
25,,,2017,Kano,,Rogo,,11.5501,7.8232,Maize,ARKN009C,,,NA,NA,NA,NA,1.4,CADP Kano - Kano State
107,,,2016,Kano,Rogo,Rogo,Zoza,11.5501,7.8232,Maize,ARKN009C,,,NA,NA,NA,NA,1.4,AgResults Control Samples
26,,,2017,Kano,,Rogo,,11.5501,7.8232,Maize,ARKN010C,,,NA,NA,NA,NA,0.7,CADP Kano - Kano State
108,,,2016,Kano,Rogo,Rogo,Zoza,11.5501,7.8232,Maize,ARKN010C,,,NA,NA,NA,NA,0.7,AgResults Control Samples
63,,,2017,Kaduna,,Ikara,,11.1788,8.2268,Maize,ARPV0001CM,,,NA,NA,NA,NA,1.3,Palm Valley Nigeria - Kaduna State
18,,,2016,Kaduna,Ikara,Ikara,Ungwa Baure,11.1788,8.2268,Maize,ARPV0001CM,,,NA,NA,NA,NA,1.3,AgResults Control Samples
64,,,2017,Kaduna,,Ikara,,11.1788,8.2268,Maize,ARPV0002CM,,,NA,NA,NA,NA,1.6,Palm Valley Nigeria - Kaduna State
19,,,2016,Kaduna,Ikara,Ikara,Ungwa Baure,11.1788,8.2268,Maize,ARPV0002CM,,,NA,NA,NA,NA,1.6,AgResults Control Samples
65,,,2017,Kaduna,,Ikara,,11.1788,8.2268,Maize,ARPV0003CM,,,NA,NA,NA,NA,1.2,Palm Valley Nigeria - Kaduna State
20,,,2016,Kaduna,Ikara,Ikara,Ungwa Baure,11.1788,8.2268,Maize,ARPV0003CM,,,NA,NA,NA,NA,1.2,AgResults Control Samples
66,,,2017,Kaduna,,Ikara,,11.1788,8.2268,Maize,ARPV0004CM,,,NA,NA,NA,NA,1.9,Palm Valley Nigeria - Kaduna State
21,,,2016,Kaduna,Ikara,Ikara,Ungwa Gona,11.1788,8.2268,Maize,ARPV0004CM,,,NA,NA,NA,NA,1.9,AgResults Control Samples
67,,,2017,Kaduna,,Ikara,,11.1788,8.2268,Maize,ARPV0005CM,,,NA,NA,NA,NA,1,Palm Valley Nigeria - Kaduna State
22,,,2016,Kaduna,Ikara,Ikara,Ungwa Gona,11.1788,8.2268,Maize,ARPV0005CM,,,NA,NA,NA,NA,1,AgResults Control Samples
68,,,2017,Kaduna,,Ikara,,11.1788,8.2268,Maize,ARPV0006CM,,,NA,NA,NA,NA,0.9,Palm Valley Nigeria - Kaduna State
23,,,2016,Kaduna,Ikara,Ikara,Ungwa Gona,11.1788,8.2268,Maize,ARPV0006CM,,,NA,NA,NA,NA,0.9,AgResults Control Samples
69,,,2017,Kaduna,,Ikara,,11.1788,8.2268,Maize,ARPV0007CM,,,NA,NA,NA,NA,0.7,Palm Valley Nigeria - Kaduna State
24,,,2016,Kaduna,Ikara,Ikara,Fadama Kali,11.1788,8.2268,Maize,ARPV0007CM,,,NA,NA,NA,NA,0.7,AgResults Control Samples
70,,,2017,Kaduna,,Ikara,,11.1788,8.2268,Maize,ARPV0008CM,,,NA,NA,NA,NA,1.1,Palm Valley Nigeria - Kaduna State
25,,,2016,Kaduna,Ikara,Ikara,Fadama Kali,11.1788,8.2268,Maize,ARPV0008CM,,,NA,NA,NA,NA,1.1,AgResults Control Samples
71,,,2017,Kaduna,,Ikara,,11.1788,8.2268,Maize,ARPV0009CM,,,NA,NA,NA,NA,1,Palm Valley Nigeria - Kaduna State
26,,,2016,Kaduna,Ikara,Ikara,Fadama Kali,11.1788,8.2268,Maize,ARPV0009CM,,,NA,NA,NA,NA,1,AgResults Control Samples
37,,,2017,Kaduna,,Giwa,,11.2802,7.4179,Maize,ARTG001CM,,,NA,NA,NA,NA,1,Tukuyan Gwari - Kaduna State
27,,,2016,Kaduna,Giwa,Giwa,Tumburuku,11.2802,7.4179,Maize,ARTG001CM,,,NA,NA,NA,NA,1,AgResults Control Samples
38,,,2017,Kaduna,,Giwa,,11.2802,7.4179,Maize,ARTG002CM,,,NA,NA,NA,NA,0.9,Tukuyan Gwari - Kaduna State
28,,,2016,Kaduna,Giwa,Giwa,Tumburuku,11.2802,7.4179,Maize,ARTG002CM,,,NA,NA,NA,NA,0.9,AgResults Control Samples
39,,,2017,Kaduna,,Giwa,,11.2802,7.4179,Maize,ARTG003CM,,,NA,NA,NA,NA,0.7,Tukuyan Gwari - Kaduna State
29,,,2016,Kaduna,Giwa,Giwa,Tumburuku,11.2802,7.4179,Maize,ARTG003CM,,,NA,NA,NA,NA,0.7,AgResults Control Samples
40,,,2017,Kaduna,,Giwa,,11.2802,7.4179,Maize,ARTG004CM,,,NA,NA,NA,NA,0.8,Tukuyan Gwari - Kaduna State
30,,,2016,Kaduna,Giwa,Giwa,Tumburuku,11.2802,7.4179,Maize,ARTG004CM,,,NA,NA,NA,NA,0.8,AgResults Control Samples
41,,,2017,Kaduna,,Giwa,,11.2802,7.4179,Maize,ARTG005CM,,,NA,NA,NA,NA,72.9,Tukuyan Gwari - Kaduna State
31,,,2016,Kaduna,Giwa,Giwa,Sabon Layi,11.2802,7.4179,Maize,ARTG005CM,,,NA,NA,NA,NA,72.9,AgResults Control Samples
42,,,2017,Kaduna,,Giwa,,11.2802,7.4179,Maize,ARTG006CM,,,NA,NA,NA,NA,1.9,Tukuyan Gwari - Kaduna State
32,,,2016,Kaduna,Giwa,Giwa,Sabon Layi,11.2802,7.4179,Maize,ARTG006CM,,,NA,NA,NA,NA,1.9,AgResults Control Samples
43,,,2017,Kaduna,,Giwa,,11.2802,7.4179,Maize,ARTG007CM,,,NA,NA,NA,NA,0.9,Tukuyan Gwari - Kaduna State
33,,,2016,Kaduna,Giwa,Giwa,Sabon Layi,11.2802,7.4179,Maize,ARTG007CM,,,NA,NA,NA,NA,0.9,AgResults Control Samples
44,,,2017,Kaduna,,Giwa,,11.2802,7.4179,Maize,ARTG008CM,,,NA,NA,NA,NA,0.7,Tukuyan Gwari - Kaduna State
34,,,2016,Kaduna,Giwa,Giwa,Sabon Layi,11.2802,7.4179,Maize,ARTG008CM,,,NA,NA,NA,NA,0.7,AgResults Control Samples
45,,,2017,Kaduna,,Giwa,,11.2802,7.4179,Maize,ARTG009CM,,,NA,NA,NA,NA,0.2,Tukuyan Gwari - Kaduna State
35,,,2016,Kaduna,Giwa,Giwa,Kidandan,11.2802,7.4179,Maize,ARTG009CM,,,NA,NA,NA,NA,0.2,AgResults Control Samples
46,,,2017,Kaduna,,Giwa,,11.2802,7.4179,Maize,ARTG010CM,,,NA,NA,NA,NA,1.1,Tukuyan Gwari - Kaduna State
36,,,2016,Kaduna,Giwa,Giwa,Kidandan,11.2802,7.4179,Maize,ARTG010CM,,,NA,NA,NA,NA,1.1,AgResults Control Samples
47,,,2017,Kaduna,,Giwa,,11.2802,7.4179,Maize,ARTG011CM,,,NA,NA,NA,NA,1.4,Tukuyan Gwari - Kaduna State
37,,,2016,Kaduna,Giwa,Giwa,Kidandan,11.2802,7.4179,Maize,ARTG011CM,,,NA,NA,NA,NA,1.4,AgResults Control Samples
48,,,2017,Kaduna,,Giwa,,11.2802,7.4179,Maize,ARTG012CM,,,NA,NA,NA,NA,85.9,Tukuyan Gwari - Kaduna State
38,,,2016,Kaduna,Giwa,Giwa,Kidandan,11.2802,7.4179,Maize,ARTG012CM,,,NA,NA,NA,NA,85.9,AgResults Control Samples
49,,,2017,Kaduna,,Giwa,,11.2802,7.4179,Maize,ARTG013CM,,,NA,NA,NA,NA,1.5,Tukuyan Gwari - Kaduna State
39,,,2016,Kaduna,Giwa,Giwa,Galadima,11.2802,7.4179,Maize,ARTG013CM,,,NA,NA,NA,NA,1.5,AgResults Control Samples
50,,,2017,Kaduna,,Giwa,,11.2802,7.4179,Maize,ARTG014CM,,,NA,NA,NA,NA,1.3,Tukuyan Gwari - Kaduna State
40,,,2016,Kaduna,Giwa,Giwa,Galadima,11.2802,7.4179,Maize,ARTG014CM,,,NA,NA,NA,NA,1.3,AgResults Control Samples
51,,,2017,Kaduna,,Giwa,,11.2802,7.4179,Maize,ARTG015CM,,,NA,NA,NA,NA,1.3,Tukuyan Gwari - Kaduna State
41,,,2016,Kaduna,Giwa,Giwa,Galadima,11.2802,7.4179,Maize,ARTG015CM,,,NA,NA,NA,NA,1.3,AgResults Control Samples
52,,,2017,Kaduna,,Giwa,,11.2802,7.4179,Maize,ARTG016CM,,,NA,NA,NA,NA,1,Tukuyan Gwari - Kaduna State
42,,,2016,Kaduna,Giwa,Giwa,Galadima,11.2802,7.4179,Maize,ARTG016CM,,,NA,NA,NA,NA,1,AgResults Control Samples
53,,,2017,Kaduna,,Giwa,,11.2802,7.4179,Maize,ARTG017CM,,,NA,NA,NA,NA,1.6,Tukuyan Gwari - Kaduna State
43,,,2016,Kaduna,Giwa,Giwa,Galadima,11.2802,7.4179,Maize,ARTG017CM,,,NA,NA,NA,NA,1.6,AgResults Control Samples
54,,,2017,Kaduna,,Giwa,,11.2802,7.4179,Maize,ARTG018CM,,,NA,NA,NA,NA,0.3,Tukuyan Gwari - Kaduna State
44,,,2016,Kaduna,Giwa,Giwa,Galadima,11.2802,7.4179,Maize,ARTG018CM,,,NA,NA,NA,NA,0.3,AgResults Control Samples
