"SN","Date","AEZ1","Year","State","LGA","Location","Village","Lat","Long","Crop","Code","Type","Treatment","B1","B2","G1","G2","Total.Afl","Source"
9,"","",2017,"Oyo","","Ikire","",7.37,4.1872,"Maize","ARAI0479C","","",NA,NA,NA,NA,133.9,"Agbelere Integrated Farms - Oyo & Osun States"
9,"","",2016,"Osun","Ayedire","Ikire","Olupona",7.5691,4.2538,"Maize","ARAI0479C","","",NA,NA,NA,NA,133.9,"AgResults Control Samples"
88,"","",2017,"Ogun","","Ijebuigbo","",6.9792,3.998,"Maize","ARAL0001C","","",NA,NA,NA,NA,10.7,"Agrisupply - Ogun State"
65,"","",2016,"Ogun","Ijebu North","Ijebuigbo","Idekan",7.0333,3.947,"Maize","ARAL0001C","","",NA,NA,NA,NA,10.7,"AgResults Control Samples"
89,"","",2017,"Ogun","","Ijebuigbo","",6.9792,3.998,"Maize","ARAL0002C","","",NA,NA,NA,NA,1,"Agrisupply - Ogun State"
66,"","",2016,"Ogun","Ijebu North","Ijebuigbo","Idekan",7.0333,3.947,"Maize","ARAL0002C","","",NA,NA,NA,NA,1,"AgResults Control Samples"
90,"","",2017,"Ogun","","Ijebuigbo","",6.9792,3.998,"Maize","ARAL0003C","","",NA,NA,NA,NA,2.3,"Agrisupply - Ogun State"
67,"","",2016,"Ogun","Ijebu North","Ijebuigbo","Idekan",7.0333,3.947,"Maize","ARAL0003C","","",NA,NA,NA,NA,2.3,"AgResults Control Samples"
91,"","",2017,"Ogun","","Ijebuigbo","",6.9792,3.998,"Maize","ARAL0004C","","",NA,NA,NA,NA,0.7,"Agrisupply - Ogun State"
68,"","",2016,"Ogun","Ijebu North","Ijebuigbo","Idekan",7.0333,3.947,"Maize","ARAL0004C","","",NA,NA,NA,NA,0.7,"AgResults Control Samples"
92,"","",2017,"Ogun","","Idekan","",6.9098,3.2584,"Maize","ARAL0005C","","",NA,NA,NA,NA,1.1,"Agrisupply - Ogun State"
69,"","",2016,"Ogun","Ijebu North","Idekan","Ijebuigbo",7.0333,3.947,"Maize","ARAL0005C","","",NA,NA,NA,NA,1.1,"AgResults Control Samples"
93,"","",2017,"Ogun","","Idekan","",6.9098,3.2584,"Maize","ARAL0006C","","",NA,NA,NA,NA,10.3,"Agrisupply - Ogun State"
70,"","",2016,"Ogun","Ijebu North","Idekan","Ijebuigbo",7.0333,3.947,"Maize","ARAL0006C","","",NA,NA,NA,NA,10.3,"AgResults Control Samples"
94,"","",2017,"Ogun","","Idekan","",6.9098,3.2584,"Maize","ARAL0007C","","",NA,NA,NA,NA,22.7,"Agrisupply - Ogun State"
71,"","",2016,"Ogun","Ijebu North","Idekan","Ijebuigbo",7.0333,3.947,"Maize","ARAL0007C","","",NA,NA,NA,NA,22.7,"AgResults Control Samples"
95,"","",2017,"Ogun","","Idekan","",6.9098,3.2584,"Maize","ARAL0008C","","",NA,NA,NA,NA,1.1,"Agrisupply - Ogun State"
72,"","",2016,"Ogun","Ijebu North","Idekan","Ijebuigbo",7.0333,3.947,"Maize","ARAL0008C","","",NA,NA,NA,NA,1.1,"AgResults Control Samples"
80,"","",2017,"Enugu","","Adani","",6.734,7.0095,"Maize","AREN001C","","",NA,NA,NA,NA,0.2,"CADP Enugu - Enugu State"
73,"","",2016,"Enugu","Uzo-Uwani","Adani","Adani",6.7401,7.1359,"Maize","AREN001C","","",NA,NA,NA,NA,0.2,"AgResults Control Samples"
81,"","",2017,"Enugu","","Adani","",6.734,7.0095,"Maize","AREN002C","","",NA,NA,NA,NA,1.3,"CADP Enugu - Enugu State"
74,"","",2016,"Enugu","Uzo-Uwani","Adani","Adani",6.7401,7.1359,"Maize","AREN002C","","",NA,NA,NA,NA,1.3,"AgResults Control Samples"
82,"","",2017,"Enugu","","Adani","",6.734,7.0095,"Maize","AREN003C","","",NA,NA,NA,NA,51.6,"CADP Enugu - Enugu State"
75,"","",2016,"Enugu","Uzo-Uwani","Adani","Adani",6.7401,7.1359,"Maize","AREN003C","","",NA,NA,NA,NA,51.6,"AgResults Control Samples"
83,"","",2017,"Enugu","","Opi","",6.7703,7.43,"Maize","AREN004C","","",NA,NA,NA,NA,1.3,"CADP Enugu - Enugu State"
76,"","",2016,"Enugu","Nsukka","Opi","Opi",6.8429,7.3733,"Maize","AREN004C","","",NA,NA,NA,NA,1.3,"AgResults Control Samples"
84,"","",2017,"Enugu","","Opi","",6.7703,7.43,"Maize","AREN005C","","",NA,NA,NA,NA,1.8,"CADP Enugu - Enugu State"
77,"","",2016,"Enugu","Nsukka","Opi","Opi",6.8429,7.3733,"Maize","AREN005C","","",NA,NA,NA,NA,1.8,"AgResults Control Samples"
85,"","",2017,"Enugu","","Affa","",6.3167,7.4333,"Maize","AREN006C","","",NA,NA,NA,NA,0.5,"CADP Enugu - Enugu State"
78,"","",2016,"Enugu","Udi","Affa","Affa",6.4818,7.3949,"Maize","AREN006C","","",NA,NA,NA,NA,0.5,"AgResults Control Samples"
86,"","",2017,"Enugu","","Affa","",6.3167,7.4333,"Maize","AREN007C","","",NA,NA,NA,NA,0.9,"CADP Enugu - Enugu State"
79,"","",2016,"Enugu","Udi","Affa","Affa",6.4818,7.3949,"Maize","AREN007C","","",NA,NA,NA,NA,0.9,"AgResults Control Samples"
87,"","",2017,"Enugu","","Affa","",6.3167,7.4333,"Maize","AREN008C","","",NA,NA,NA,NA,0.5,"CADP Enugu - Enugu State"
80,"","",2016,"Enugu","Udi","Affa","Affa",6.4818,7.3949,"Maize","AREN008C","","",NA,NA,NA,NA,0.5,"AgResults Control Samples"
10,"","",2017,"Oyo","","Yarkasuwa","",10.3785,7.4481,"Maize","ARFF001C","","",NA,NA,NA,NA,1.4,"Fantsuam Foundation - Kaduna State"
58,"","",2016,"Kaduna","Lere","","Yarkasuwa",10.3853,8.5735,"Maize","ARFF001C","","",NA,NA,NA,NA,1.4,"AgResults Control Samples"
28,"","",2017,"Ekiti","","Ikole Ekiti","",7.7983,5.5145,"Maize","ARFP0752C","","",NA,NA,NA,NA,0.9,"Ado Poly Venture - Ekiti State"
60,"","",2016,"Ekiti","Ikole","Ikole Ekiti","Ikole Ekiti",7.6124,5.2371,"Maize","ARFP0752C","","",NA,NA,NA,NA,0.9,"AgResults Control Samples"
96,"","",2017,"Edo","","Ukpoke","",6.7208,6.3231,"Maize","ARMR001C","","",NA,NA,NA,NA,124.3,"Monosa Resources - Edo State"
81,"","",2016,"Edo","Egor","Ukpoke","Ukpoke",6.3671,5.5722,"Maize","ARMR001C","","",NA,NA,NA,NA,124.3,"AgResults Control Samples"
97,"","",2017,"Edo","","Ukpoke","",6.7208,6.3231,"Maize","ARMR002C","","",NA,NA,NA,NA,1.1,"Monosa Resources - Edo State"
82,"","",2016,"Edo","Egor","Ukpoke","Ukpoke",6.3671,5.5722,"Maize","ARMR002C","","",NA,NA,NA,NA,1.1,"AgResults Control Samples"
98,"","",2017,"Edo","","Ukpoke","",6.7208,6.3231,"Maize","ARMR003C","","",NA,NA,NA,NA,3.1,"Monosa Resources - Edo State"
83,"","",2016,"Edo","Egor","Ukpoke","Ukpoke",6.3671,5.5722,"Maize","ARMR003C","","",NA,NA,NA,NA,3.1,"AgResults Control Samples"
99,"","",2017,"Edo","","Ukpoke","",6.7208,6.3231,"Maize","ARMR004C","","",NA,NA,NA,NA,1,"Monosa Resources - Edo State"
84,"","",2016,"Edo","Egor","Ukpoke","Ukpoke",6.3671,5.5722,"Maize","ARMR004C","","",NA,NA,NA,NA,1,"AgResults Control Samples"
100,"","",2017,"Edo","","Ukpoke","",6.7208,6.3231,"Maize","ARMR005C","","",NA,NA,NA,NA,11.8,"Monosa Resources - Edo State"
85,"","",2016,"Edo","Egor","Ukpoke","Ukpoke",6.3671,5.5722,"Maize","ARMR005C","","",NA,NA,NA,NA,11.8,"AgResults Control Samples"
101,"","",2017,"Edo","","Ekpoma","",6.743,6.1421,"Maize","ARMR006C","","",NA,NA,NA,NA,1.6,"Monosa Resources - Edo State"
86,"","",2016,"Edo","Esan West","Ekpoma","Ekpoma",6.6899,6.1315,"Maize","ARMR006C","","",NA,NA,NA,NA,1.6,"AgResults Control Samples"
102,"","",2017,"Edo","","Akoko Edo","",7.3533,6.1103,"Maize","ARMR007C","","",NA,NA,NA,NA,2.6,"Monosa Resources - Edo State"
87,"","",2016,"Edo","Irrua","Akor","Akor",6.7393,6.219,"Maize","ARMR007C","","",NA,NA,NA,NA,2.6,"AgResults Control Samples"
103,"","",2017,"Edo","","Ukpoke","",6.7208,6.3231,"Maize","ARMR008C","","",NA,NA,NA,NA,35.5,"Monosa Resources - Edo State"
88,"","",2016,"Edo","Egor","Ukpoke","Ukpoke",6.3671,5.5722,"Maize","ARMR008C","","",NA,NA,NA,NA,35.5,"AgResults Control Samples"
104,"","",2017,"Edo","","Uvbe","",6.2901,5.9502,"Maize","ARMR009C","","",NA,NA,NA,NA,1.1,"Monosa Resources - Edo State"
89,"","",2016,"Edo","Uhumwode","Uvbe","Uvbe",6.4579,5.9833,"Maize","ARMR009C","","",NA,NA,NA,NA,1.1,"AgResults Control Samples"
105,"","",2017,"Edo","","Uvbe","",6.2901,5.9502,"Maize","ARMR010C","","",NA,NA,NA,NA,1,"Monosa Resources - Edo State"
90,"","",2016,"Edo","Uhumwode","Uvbe","Uvbe",6.4579,5.9833,"Maize","ARMR010C","","",NA,NA,NA,NA,1,"AgResults Control Samples"
NA,"","NGS",2024,"Niger","","","",10.437,3.817,"","Babana1","Farm","",48.43,2.9,0,0.21,51.55,""
NA,"","SHS",2024,"Niger","","","",10.4366,3.8172,"Maize","Babana1","Farm","",48.43,2.9,0,0.21,51.55,""
NA,"","NGS",2024,"Niger","","","",10.437,3.817,"","Babana2","Market","",47.51,3.1,0,0.51,51.14,""
NA,"","SHS",2024,"Niger","","","",10.4366,3.8172,"Maize","Babana2","Market","",47.51,3.1,0,0.51,51.14,""
NA,"","NGS",2024,"Niger","","","",10.437,3.817,"","Babana3","Store","",14.01,0.62,0.39,0,15.03,""
NA,"","SHS",2024,"Niger","","","",10.4366,3.8172,"Maize","Babana3","Store","",14.01,0.62,0.39,0,15.03,""
NA,"","SHS",2024,"Jigawa","","","",12.728,7,"","Guri1","Market","",7.1,0.68,12.37,1.09,21.26,""
NA,"","SS",2024,"Jigawa","","","",12.7281,7,"Maize","Guri1","Market","",7.1,0.68,12.37,1.09,21.26,""
NA,"","SHS",2024,"Jigawa","","","",12.728,7,"","Guri2","Store","",0.72,0.1,0.81,0.11,1.76,""
NA,"","SS",2024,"Jigawa","","","",12.7281,7,"Maize","Guri2","Store","",0.72,0.1,0.81,0.11,1.76,""
NA,"","SHS",2024,"Jigawa","","","",12.728,7,"","Guri3","Farm","",22.8,0.5,0,0,23.32,""
NA,"","SS",2024,"Jigawa","","","",12.7281,7,"Maize","Guri3","Farm","",22.8,0.5,0,0,23.32,""
7,"","",2017,"Oyo","","Ikire","",7.37,4.1872,"Maize","IK01C","","",NA,NA,NA,NA,0.5,"Agbelere Integrated Farms - Oyo & Osun States"
7,"","",2016,"Osun","Ayedire","Ikire","Olupona",7.5691,4.2538,"Maize","IK01C","","",NA,NA,NA,NA,0.5,"AgResults Control Samples"
8,"","",2017,"Oyo","","Ikire","",7.37,4.1872,"Maize","IK02C","","",NA,NA,NA,NA,147.3,"Agbelere Integrated Farms - Oyo & Osun States"
8,"","",2016,"Osun","Ayedire","Ikire","Olupona",7.5691,4.2538,"Maize","IK02C","","",NA,NA,NA,NA,147.3,"AgResults Control Samples"
101,"","",2012,"Kaduna","Kubau Anchau","","",11,8.24,"Maize","KD800","","Control",1.89,2.87,0,0,4.76,"Large Scale Testing 2012"
104,"","",2012,"Kaduna","Giwa","","",11.2802,7.4179,"Maize","KD800","","Control",2.99,2.02,0,0,5.01,"Large Scale Testing 2012"
NA,"","SHS",2024,"Yobe","","","",12.693,10.308,"","Kirikisamma1","Farm","",0,0.2,0,0,0.2,""
NA,"","SS",2024,"Yobe","","","",12.6927,10.308,"Maize","Kirikisamma1","Farm","",0,0.2,0,0,0.2,""
NA,"","SHS",2024,"Yobe","","","",12.693,10.308,"","Kirikisamma2","Store","",0.35,0.07,0.27,0,0.7,""
NA,"","SS",2024,"Yobe","","","",12.6927,10.308,"Maize","Kirikisamma2","Store","",0.35,0.07,0.27,0,0.7,""
NA,"","SHS",2024,"Yobe","","","",12.693,10.308,"","Kirikisamma3","Market","",0.33,0.3,0,0.13,0.77,""
NA,"","SS",2024,"Yobe","","","",12.6927,10.308,"Maize","Kirikisamma3","Market","",0.33,0.3,0,0.13,0.77,""
3,"","",2017,"Oyo","","Saki","",8.6726,3.3943,"Maize","SA01C","","",NA,NA,NA,NA,93.1,"Agbelere Integrated Farms - Oyo & Osun States"
3,"","",2016,"Oyo","Saki West","Saki","Saki",8.6033,3.1378,"Maize","SA01C","","",NA,NA,NA,NA,93.1,"AgResults Control Samples"
4,"","",2017,"Oyo","","Saki","",8.6726,3.3943,"Maize","SA02C","","",NA,NA,NA,NA,0.5,"Agbelere Integrated Farms - Oyo & Osun States"
4,"","",2016,"Oyo","Saki West","Saki","Saki",8.6033,3.1378,"Maize","SA02C","","",NA,NA,NA,NA,0.5,"AgResults Control Samples"
5,"","",2017,"Oyo","","Saki","",8.6726,3.3943,"Maize","SA03C","","",NA,NA,NA,NA,0.1,"Agbelere Integrated Farms - Oyo & Osun States"
5,"","",2016,"Oyo","Saki West","Saki","Saki",8.6033,3.1378,"Maize","SA03C","","",NA,NA,NA,NA,0.1,"AgResults Control Samples"
6,"","",2017,"Oyo","","Saki","",8.6726,3.3943,"Maize","SA04C","","",NA,NA,NA,NA,52.8,"Agbelere Integrated Farms - Oyo & Osun States"
6,"","",2016,"Oyo","Saki West","Saki","Saki",8.6033,3.1378,"Maize","SA04C","","",NA,NA,NA,NA,52.8,"AgResults Control Samples"
